stage_order,stage,display_name,factor_vs_baseline,concurrency,cpu_limit,mtp_enabled,kv_cache_mib,kv_cache_dtype,requests,output_tps,baseline_output_tps,output_vs_baseline_percent,request_rps,request_rps_vs_baseline_percent,e2e_p95_seconds,e2e_p95_vs_baseline_percent,ttft_p95_seconds,ttft_p95_vs_baseline_percent,tpot_p95_ms,tpot_p95_vs_baseline_percent,peak_running,peak_waiting,peak_kv_percent,avg_cpu_cores,cpu_throttled_time_percent,peak_memory_gib,preemptions,spec_drafts,spec_draft_tokens,spec_accepted_tokens,spec_acceptance_percent,memory_max_events,oom_events,oom_kill_events,exact_response_hash_matches,exact_response_hash_match_percent
0,baseline-cpu8,CPU8 baseline,reference,1,8,false,512,auto (BF16),100,22.286054,22.286054,,0.348220,,3.565195,,1.043703,,39.933201,,1,0,7.462687,7.959988,2.401079,5.527683,0,0,0,0,0,0,0,0,100,100.000000
0,baseline-cpu8,CPU8 baseline,reference,2,8,false,512,auto (BF16),100,39.042496,39.042496,,0.610039,,3.841772,,1.185660,,55.824705,,2,0,13.432836,7.973283,2.521034,5.616772,0,0,0,0,0,0,0,0,100,100.000000
0,baseline-cpu8,CPU8 baseline,reference,5,8,false,512,auto (BF16),100,68.823187,68.823187,,1.075362,,5.558159,,2.629300,,69.441375,,5,0,32.835821,7.876020,2.745042,5.777199,0,0,0,0,0,0,0,0,100,100.000000
0,baseline-cpu8,CPU8 baseline,reference,10,8,false,512,auto (BF16),100,94.385203,94.385203,,1.474769,,7.765195,,4.045976,,95.903242,,10,1,64.179104,7.774010,1.799830,5.946426,0,0,0,0,0,0,0,0,100,100.000000
0,baseline-cpu8,CPU8 baseline,reference,20,8,false,512,auto (BF16),100,102.589303,102.589303,,1.602958,,17.434220,,9.281841,,138.457175,,16,11,100.000000,7.681048,1.690335,5.981354,1,0,0,0,0,0,0,0,100,100.000000
0,baseline-cpu8,CPU8 baseline,reference,50,8,false,512,auto (BF16),100,101.735234,101.735234,,1.589613,,34.511707,,27.324110,,143.995969,,16,41,100.000000,7.626394,1.460854,5.997124,1,0,0,0,0,0,0,0,100,100.000000
0,baseline-cpu8,CPU8 baseline,reference,100,8,false,512,auto (BF16),100,105.187561,105.187561,,1.643556,,58.064750,,52.004580,,140.939027,,16,90,100.000000,7.704526,1.705404,6.023811,1,0,0,0,0,0,0,0,100,100.000000
1,mtp-cpu8,MTP2 only,MTP off→MTP2,1,8,true,512,auto (BF16),100,30.428123,22.286054,36.534369,0.475439,36.534369,2.908922,-18.407782,1.132193,8.478562,34.020850,-14.805602,1,0,19.298246,7.935402,3.200938,7.945892,0,2533,5066,3848,75.957363,0,0,0,82,82.000000
1,mtp-cpu8,MTP2 only,MTP off→MTP2,2,8,true,512,auto (BF16),100,47.735234,39.042496,22.264810,0.745863,22.264810,3.704242,-3.579869,1.180995,-0.393413,48.912135,-12.382637,2,0,36.842105,7.970610,3.332994,7.998844,0,2539,5078,3847,75.758173,0,0,0,74,74.000000
1,mtp-cpu8,MTP2 only,MTP off→MTP2,5,8,true,512,auto (BF16),100,71.026949,68.823187,3.202063,1.109796,3.202063,5.845807,5.175234,1.465219,-44.273428,77.134972,11.079269,5,0,91.228070,7.955151,2.414189,7.999516,0,2538,5076,3846,75.768322,0,0,0,71,71.000000
1,mtp-cpu8,MTP2 only,MTP off→MTP2,10,8,true,512,auto (BF16),100,71.321814,94.385203,-24.435386,1.114403,-24.435386,10.247561,31.967856,5.940363,46.821518,81.354801,-15.169916,5,5,91.228070,7.953565,2.398212,7.999332,0,2534,5068,3851,75.986582,0,0,0,70,70.000000
1,mtp-cpu8,MTP2 only,MTP off→MTP2,20,8,true,512,auto (BF16),100,71.355649,102.589303,-30.445331,1.114932,-30.445331,19.218708,10.235545,14.564007,56.908600,84.329090,-39.093738,5,15,91.228070,7.942951,2.184846,7.998405,0,2533,5066,3851,76.016581,0,0,0,66,66.000000
1,mtp-cpu8,MTP2 only,MTP off→MTP2,50,8,true,512,auto (BF16),100,72.781204,101.735234,-28.460179,1.137206,-28.460179,44.502453,28.948863,40.339842,47.634605,78.497397,-45.486393,5,45,91.228070,7.956180,2.435357,7.998695,0,2534,5068,3850,75.966851,0,0,0,70,70.000000
1,mtp-cpu8,MTP2 only,MTP off→MTP2,100,8,true,512,auto (BF16),100,72.337364,105.187561,-31.230116,1.130271,-31.230116,85.433692,47.135211,80.972755,55.703123,82.091918,-41.753594,5,95,91.228070,7.953638,2.207285,7.999435,0,2538,5076,3844,75.728920,0,0,0,70,70.000000
2,baseline-kv768-cpu8,KV768 only,KV budget 512→768MiB,1,8,false,768,auto (BF16),100,22.352753,22.286054,0.299286,0.349262,0.299286,3.560978,-0.118283,1.097551,5.159393,39.756928,-0.441419,1,0,4.950495,7.961149,1.930140,6.985321,0,0,0,0,0,0,0,0,100,100.000000
2,baseline-kv768-cpu8,KV768 only,KV budget 512→768MiB,2,8,false,768,auto (BF16),100,38.996838,39.042496,-0.116943,0.609326,-0.116943,3.793643,-1.252796,1.223528,3.193874,56.199040,0.670554,2,0,8.910891,7.978171,1.936900,7.066193,0,0,0,0,0,0,0,0,100,100.000000
2,baseline-kv768-cpu8,KV768 only,KV budget 512→768MiB,5,8,false,768,auto (BF16),100,68.753617,68.823187,-0.101085,1.074275,-0.101085,5.585525,0.492355,2.647226,0.681760,69.748103,0.441708,5,0,21.782178,7.874380,1.845122,7.217461,0,0,0,0,0,0,0,0,88,88.000000
2,baseline-kv768-cpu8,KV768 only,KV budget 512→768MiB,10,8,false,768,auto (BF16),100,93.253900,94.385203,-1.198602,1.457092,-1.198602,7.771504,0.081253,3.900267,-3.601316,96.940457,1.081522,10,2,42.574257,7.804906,1.528941,7.399654,0,0,0,0,0,0,0,0,88,88.000000
2,baseline-kv768-cpu8,KV768 only,KV budget 512→768MiB,20,8,false,768,auto (BF16),100,113.062057,102.589303,10.208427,1.766595,10.208427,13.501436,-22.557842,6.744198,-27.339869,147.109809,6.249322,20,11,83.168317,7.630140,1.082566,7.440304,0,0,0,0,0,0,0,0,90,90.000000
2,baseline-kv768-cpu8,KV768 only,KV budget 512→768MiB,50,8,false,768,auto (BF16),100,112.573675,101.735234,10.653577,1.758964,10.653577,34.177369,-0.968768,23.819561,-12.825849,167.169286,16.093032,20,41,84.158416,7.595440,0.871596,7.473404,0,0,0,0,0,0,0,0,87,87.000000
2,baseline-kv768-cpu8,KV768 only,KV budget 512→768MiB,100,8,false,768,auto (BF16),100,113.139914,105.187561,7.560165,1.767811,7.560165,56.332593,-2.983147,50.600002,-2.700873,156.282301,10.886462,20,90,83.168317,7.604602,0.830949,7.504173,0,0,0,0,0,0,0,0,86,86.000000
3,baseline-cpu8-fp8,FP8 KV only,KV dtype BF16→FP8,1,8,false,512,fp8,100,22.453228,22.286054,0.750128,0.350832,0.750128,3.528936,-1.017012,1.074993,2.998059,39.572062,-0.904358,1,0,5.405405,7.962299,1.876200,5.967949,0,0,0,0,0,0,0,0,15,15.000000
3,baseline-cpu8-fp8,FP8 KV only,KV dtype BF16→FP8,2,8,false,512,fp8,100,39.096578,39.042496,0.138520,0.610884,0.138520,3.750402,-2.378341,1.194755,0.767061,56.136518,0.558557,2,0,10.810811,7.985376,2.125513,5.967514,0,0,0,0,0,0,0,0,26,26.000000
3,baseline-cpu8-fp8,FP8 KV only,KV dtype BF16→FP8,5,8,false,512,fp8,100,69.424255,68.823187,0.873352,1.084754,0.873352,5.534201,-0.431045,2.621136,-0.310517,68.790539,-0.937246,5,0,27.027027,7.882171,2.079419,6.028625,0,0,0,0,0,0,0,0,27,27.000000
3,baseline-cpu8-fp8,FP8 KV only,KV dtype BF16→FP8,10,8,false,512,fp8,100,91.584721,94.385203,-2.967078,1.431011,-2.967078,7.864239,1.275488,4.028559,-0.430465,100.193288,4.473306,10,2,54.054054,7.762885,1.544445,6.188194,0,0,0,0,0,0,0,0,29,29.000000
3,baseline-cpu8-fp8,FP8 KV only,KV dtype BF16→FP8,20,8,false,512,fp8,100,109.177126,102.589303,6.421551,1.705893,6.421551,17.045091,-2.231983,7.490959,-19.294470,152.390891,10.063556,18,11,97.297297,7.736028,1.495261,6.246609,0,0,0,0,0,0,0,0,29,29.000000
3,baseline-cpu8-fp8,FP8 KV only,KV dtype BF16→FP8,50,8,false,512,fp8,100,107.557716,101.735234,5.723171,1.680589,5.723171,32.574234,-5.613959,24.560279,-10.114993,142.558214,-0.998469,18,41,97.297297,7.571740,1.030702,6.271160,0,0,0,0,0,0,0,0,29,29.000000
3,baseline-cpu8-fp8,FP8 KV only,KV dtype BF16→FP8,100,8,false,512,fp8,100,109.437649,105.187561,4.040485,1.709963,4.040485,58.257185,0.331414,53.440014,2.760207,153.009435,8.564276,18,91,97.297297,7.664728,1.231752,6.272919,0,0,0,0,0,0,0,0,33,33.000000
4,baseline-kv768-fp8-cpu8,KV768 + FP8 KV,KV768 + FP8,1,8,false,768,fp8,100,22.415236,22.286054,0.579654,0.350238,0.579654,3.509072,-1.574188,1.038213,-0.525947,39.662736,-0.677294,1,0,3.571429,7.961033,2.774269,6.146587,0,0,0,0,0,0,0,0,15,15.000000
4,baseline-kv768-fp8-cpu8,KV768 + FP8 KV,KV768 + FP8,2,8,false,768,fp8,100,38.833513,39.042496,-0.535271,0.606774,-0.535271,3.837935,-0.099873,1.228764,3.635482,56.763393,1.681493,2,0,7.142857,7.977892,2.944870,6.186920,0,0,0,0,0,0,0,0,26,26.000000
4,baseline-kv768-fp8-cpu8,KV768 + FP8 KV,KV768 + FP8,5,8,false,768,fp8,100,69.374198,68.823187,0.800619,1.083972,0.800619,5.605236,0.846981,2.697336,2.587590,68.620440,-1.182199,5,0,17.857143,7.874168,2.967804,6.261822,0,0,0,0,0,0,0,0,28,28.000000
4,baseline-kv768-fp8-cpu8,KV768 + FP8 KV,KV768 + FP8,10,8,false,768,fp8,100,93.701933,94.385203,-0.723916,1.464093,-0.723916,7.888810,1.591913,4.120927,1.852495,95.642607,-0.271769,10,2,35.714286,7.753538,2.050248,6.468731,0,0,0,0,0,0,0,0,30,30.000000
4,baseline-kv768-fp8-cpu8,KV768 + FP8 KV,KV768 + FP8,20,8,false,768,fp8,100,112.860118,102.589303,10.011585,1.763439,10.011585,13.421178,-23.018194,6.702945,-27.784310,147.364449,6.433234,20,11,71.428571,7.628197,1.375840,6.473404,0,0,0,0,0,0,0,0,30,30.000000
4,baseline-kv768-fp8-cpu8,KV768 + FP8 KV,KV768 + FP8,50,8,false,768,fp8,100,113.228758,101.735234,11.297486,1.769199,11.297486,33.257840,-3.633165,25.237952,-7.634864,170.604739,18.478830,20,40,71.428571,7.628931,1.594943,6.507416,0,0,0,0,0,0,0,0,28,28.000000
4,baseline-kv768-fp8-cpu8,KV768 + FP8 KV,KV768 + FP8,100,8,false,768,fp8,100,112.855864,105.187561,7.290123,1.763373,7.290123,56.469893,-2.746687,49.677347,-4.475054,165.639198,17.525430,20,91,71.428571,7.619849,1.296625,6.509777,0,0,0,0,0,0,0,0,33,33.000000
